[{"model": "shopping_list.shop", "pk": 1, "fields": {"shop_name": "EDEKA Friedrich-Engels-Str", "slug": "edeka-friedrich-engels-str", "creator": 1, "date_created": "2024-09-10T15:20:31.861Z", "notes": "It's only up the road.\r\n\r\nNear the place where we took those Buddleia cuttings.", "type_of_shop": 1, "current": true}}, {"model": "shopping_list.shop", "pk": 2, "fields": {"shop_name": "EDEKA Blankenburger Str", "slug": "edeka-blankenburger-str", "creator": 1, "date_created": "2024-09-04T14:44:13.544Z", "notes": "", "type_of_shop": 1, "current": true}}, {"model": "shopping_list.shop", "pk": 3, "fields": {"shop_name": "OBI Blankenburger Str", "slug": "obi-blankenburger-str", "creator": 1, "date_created": "2024-09-05T10:54:44.605Z", "notes": "", "type_of_shop": 3, "current": true}}, {"model": "shopping_list.shop", "pk": 4, "fields": {"shop_name": "REWE Hermann-Hesse-Str", "slug": "rewe-hermann-hesse-str", "creator": 1, "date_created": "2024-09-10T15:42:19.323Z", "notes": "This is the family's regular supermarket!", "type_of_shop": 1, "current": true}}, {"model": "shopping_list.shop", "pk": 5, "fields": {"shop_name": "REWE Wilhelmsruhe", "slug": "rewe-wilhelmsruhe", "creator": 1, "date_created": "2024-09-04T14:44:13.635Z", "notes": "", "type_of_shop": 1, "current": true}}, {"model": "shopping_list.shop", "pk": 6, "fields": {"shop_name": "Rossmann Rathaus Pankow", "slug": "rossmann-rathaus-pankow", "creator": 1, "date_created": "2024-09-04T14:44:13.665Z", "notes": "", "type_of_shop": 1, "current": true}}, {"model": "shopping_list.shop", "pk": 7, "fields": {"shop_name": "Rossmann Hermann-Hesse-Str", "slug": "rossmann-hermann-hesse-str", "creator": 1, "date_created": "2024-09-05T10:54:25.499Z", "notes": "", "type_of_shop": 4, "current": true}}, {"model": "shopping_list.shop", "pk": 8, "fields": {"shop_name": "Aldi Dietzgenstr", "slug": "aldi-dietzgenstr", "creator": 1, "date_created": "2024-09-04T14:44:13.728Z", "notes": "", "type_of_shop": 1, "current": true}}, {"model": "shopping_list.shop", "pk": 9, "fields": {"shop_name": "Kaufland Rathaus Center", "slug": "kaufland-rathaus-center", "creator": 1, "date_created": "2024-09-04T14:44:13.759Z", "notes": "", "type_of_shop": 1, "current": true}}, {"model": "shopping_list.shop", "pk": 10, "fields": {"shop_name": "Mac Paper, Hermann-Hesse-Str", "slug": "mac-paper-hermann-hesse-str", "creator": 1, "date_created": "2024-09-05T11:02:18.661Z", "notes": "", "type_of_shop": 5, "current": true}}, {"model": "shopping_list.shop", "pk": 11, "fields": {"shop_name": "BauHaus Französische Buchholz", "slug": "bauhaus-franzosische-buchholz", "creator": 1, "date_created": "2024-09-05T10:56:07.446Z", "notes": "", "type_of_shop": 3, "current": true}}, {"model": "shopping_list.shop", "pk": 13, "fields": {"shop_name": "Denns Hermann-Hesse-Str", "slug": "denns-hermann-hesse-str", "creator": 1, "date_created": "2024-09-05T11:03:12.546Z", "notes": "", "type_of_shop": 2, "current": true}}, {"model": "shopping_list.shop", "pk": 14, "fields": {"shop_name": "Bio Company Breite Str", "slug": "bio-company-breite-str", "creator": 1, "date_created": "2024-09-05T11:03:40.009Z", "notes": "", "type_of_shop": 2, "current": true}}, {"model": "shopping_list.shop", "pk": 15, "fields": {"shop_name": "Aldi Straße vor Schönholz", "slug": "aldi-strae-vor-schonholz", "creator": null, "date_created": "2024-09-10T12:36:38.968Z", "notes": "The cheese is cheaper here!", "type_of_shop": 1, "current": true}}, {"model": "shopping_list.shop", "pk": 16, "fields": {"shop_name": "Dalriata, Winsstraße", "slug": "dalriata-winsstrae", "creator": null, "date_created": "2024-09-10T18:54:16.170Z", "notes": "", "type_of_shop": 6, "current": true}}, {"model": "shopping_list.category", "pk": 1, "fields": {"category_name": "Groceries", "slug": "groceries", "creator": 1, "date_created": "2024-09-04T14:39:56.442Z", "notes": "", "current": true}}, {"model": "shopping_list.category", "pk": 2, "fields": {"category_name": "Household cleaning", "slug": "household-cleaning", "creator": 1, "date_created": "2024-09-04T14:39:56.470Z", "notes": "", "current": true}}, {"model": "shopping_list.category", "pk": 3, "fields": {"category_name": "Sweet treats", "slug": "sweet-treats", "creator": 1, "date_created": "2024-09-04T14:39:56.683Z", "notes": "", "current": true}}, {"model": "shopping_list.category", "pk": 4, "fields": {"category_name": "Cheese and dairy", "slug": "cheese-and-dairy", "creator": 1, "date_created": "2024-09-04T14:39:56.497Z", "notes": "", "current": true}}, {"model": "shopping_list.category", "pk": 5, "fields": {"category_name": "DIY consumables", "slug": "diy-consumables", "creator": 1, "date_created": "2024-09-04T14:39:56.523Z", "notes": "", "current": true}}, {"model": "shopping_list.category", "pk": 6, "fields": {"category_name": "DIY tools", "slug": "diy-tools", "creator": 1, "date_created": "2024-09-04T14:39:56.550Z", "notes": "", "current": true}}, {"model": "shopping_list.category", "pk": 7, "fields": {"category_name": "Vegetables", "slug": "vegetables", "creator": 1, "date_created": "2024-09-04T14:39:56.577Z", "notes": "", "current": true}}, {"model": "shopping_list.category", "pk": 8, "fields": {"category_name": "Meats and protein", "slug": "meats-and-protein", "creator": 1, "date_created": "2024-09-04T14:39:56.604Z", "notes": "", "current": true}}, {"model": "shopping_list.category", "pk": 9, "fields": {"category_name": "Clothing", "slug": "clothing", "creator": 1, "date_created": "2024-09-04T14:39:56.630Z", "notes": "", "current": true}}, {"model": "shopping_list.category", "pk": 10, "fields": {"category_name": "Kitchen utensils and equipment", "slug": "kitchen-utensils-and-equipment", "creator": 1, "date_created": "2024-09-04T14:39:56.656Z", "notes": "", "current": true}}, {"model": "shopping_list.category", "pk": 11, "fields": {"category_name": "Savory treats", "slug": "savory-treats", "creator": 1, "date_created": "2024-09-04T14:39:56.709Z", "notes": "", "current": true}}, {"model": "shopping_list.category", "pk": 12, "fields": {"category_name": "Bathroom and personal hygiene", "slug": "bathroom-and-personal-hygiene", "creator": 1, "date_created": "2024-09-04T14:39:56.736Z", "notes": "", "current": true}}, {"model": "shopping_list.category", "pk": 13, "fields": {"category_name": "Laundry", "slug": "laundry", "creator": 1, "date_created": "2024-09-04T14:39:56.762Z", "notes": "", "current": true}}, {"model": "shopping_list.category", "pk": 14, "fields": {"category_name": "Stationery", "slug": "stationery", "creator": 1, "date_created": "2024-09-03T14:31:52.905Z", "notes": "", "current": true}}, {"model": "shopping_list.category", "pk": 15, "fields": {"category_name": "Staples", "slug": "staples", "creator": 1, "date_created": "2024-09-04T14:27:46.632Z", "notes": "", "current": true}}, {"model": "shopping_list.category", "pk": 16, "fields": {"category_name": "Fruit & Veg", "slug": "fruit-veg", "creator": 1, "date_created": "2024-09-04T14:28:23.417Z", "notes": "", "current": true}}, {"model": "shopping_list.product", "pk": 1, "fields": {"product_name": "Lorenz balsamic crisps", "slug": "lorenz-balsamic-crisps", "category": 11, "default_quantity": 1, "default_unit": "packet", "default_shop": 4, "creator": 1, "date_created": "2024-09-03T14:28:00.009Z", "notes": "", "current": true}}, {"model": "shopping_list.product", "pk": 2, "fields": {"product_name": "White cheddar cheese", "slug": "white-cheddar-cheese", "category": 4, "default_quantity": 1, "default_unit": "200g pack", "default_shop": 8, "creator": 1, "date_created": "2024-09-10T14:47:50.964Z", "notes": "This stuff is brilliant for cheese toasties", "current": true}}, {"model": "shopping_list.product", "pk": 3, "fields": {"product_name": "Cadbury's Dairy Milk", "slug": "cadburys-dairy-milk", "category": 3, "default_quantity": 1, "default_unit": "200g bar", "default_shop": 9, "creator": 1, "date_created": "2024-09-03T09:13:09.975Z", "notes": "", "current": true}}, {"model": "shopping_list.product", "pk": 4, "fields": {"product_name": "Domol Color", "slug": "domol-color", "category": 13, "default_quantity": null, "default_unit": null, "default_shop": 7, "creator": 1, "date_created": "2024-09-04T14:42:14.601Z", "notes": "", "current": true}}, {"model": "shopping_list.product", "pk": 5, "fields": {"product_name": "Domol Vollwaschmittel", "slug": "domol-vollwaschmittel", "category": 13, "default_quantity": null, "default_unit": null, "default_shop": 7, "creator": 1, "date_created": "2024-09-04T14:42:14.636Z", "notes": "", "current": true}}, {"model": "shopping_list.product", "pk": 6, "fields": {"product_name": "H3 Pencil", "slug": "h3-pencil", "category": 14, "default_quantity": 1, "default_unit": "Pack of 3", "default_shop": 10, "creator": 1, "date_created": "2024-09-03T14:34:00.761Z", "notes": "", "current": true}}, {"model": "shopping_list.product", "pk": 7, "fields": {"product_name": "Salt", "slug": "salt", "category": 15, "default_quantity": 1, "default_unit": "500g packet", "default_shop": 4, "creator": 1, "date_created": "2024-09-04T14:34:47.882Z", "notes": "", "current": true}}, {"model": "shopping_list.product", "pk": 8, "fields": {"product_name": "White wheat flour type 404", "slug": "white-wheat-flour-type-404", "category": 15, "default_quantity": 1, "default_unit": "1kg", "default_shop": 4, "creator": 1, "date_created": "2024-09-04T14:36:02.154Z", "notes": "", "current": true}}, {"model": "shopping_list.product", "pk": 11, "fields": {"product_name": "Red cheddar cheese", "slug": "red-cheddar-cheese", "category": 4, "default_quantity": null, "default_unit": null, "default_shop": 8, "creator": null, "date_created": "2024-09-10T14:37:48.662Z", "notes": "", "current": true}}, {"model": "shopping_list.product", "pk": 13, "fields": {"product_name": "Granulated sugar", "slug": "granulated-sugar", "category": 15, "default_quantity": 1, "default_unit": "1kg packet", "default_shop": 4, "creator": null, "date_created": "2024-09-08T17:00:28.610Z", "notes": "Often on offer! Can be stacked apart from the rest of the sugar in REWE supermarkets!\r\n\r\nDon't buy caster sugar instead; it's much more expensive!", "current": true}}, {"model": "shopping_list.product", "pk": 15, "fields": {"product_name": "Peanuts", "slug": "peanuts", "category": 11, "default_quantity": null, "default_unit": null, "default_shop": 4, "creator": null, "date_created": "2024-09-10T15:37:19.592Z", "notes": "", "current": true}}, {"model": "shopping_list.product", "pk": 16, "fields": {"product_name": "Lorenz Rosemary crisps", "slug": "lorenz-rosemary-crisps", "category": 11, "default_quantity": null, "default_unit": null, "default_shop": 4, "creator": null, "date_created": "2024-09-10T16:25:27.230Z", "notes": null, "current": true}}, {"model": "shopping_list.product", "pk": 17, "fields": {"product_name": "Red Stabilo felt-tip pen", "slug": "red-stabilo-felt-tip-pen", "category": 14, "default_quantity": null, "default_unit": null, "default_shop": 10, "creator": null, "date_created": "2024-09-10T16:30:09.483Z", "notes": null, "current": true}}, {"model": "shopping_list.product", "pk": 18, "fields": {"product_name": "Blue Stabilo felt-tip pen", "slug": "blue-stabilo-felt-tip-pen", "category": 14, "default_quantity": null, "default_unit": null, "default_shop": 2, "creator": null, "date_created": "2024-09-10T16:30:35.500Z", "notes": null, "current": true}}, {"model": "shopping_list.product", "pk": 19, "fields": {"product_name": "black stabilo felt-tip pen", "slug": "blue-stabilo-felt-tip-pen-1", "category": 14, "default_quantity": null, "default_unit": null, "default_shop": 2, "creator": null, "date_created": "2024-09-10T16:36:21.320Z", "notes": "", "current": true}}, {"model": "shopping_list.product", "pk": 20, "fields": {"product_name": "Red cheddar cheese", "slug": "red-cheddar-cheese-1", "category": 14, "default_quantity": null, "default_unit": null, "default_shop": 2, "creator": null, "date_created": "2024-09-10T16:35:28.827Z", "notes": null, "current": true}}, {"model": "shopping_list.product", "pk": 21, "fields": {"product_name": "Gorgonzola cheese", "slug": "gorgonzola-cheese", "category": 4, "default_quantity": 1, "default_unit": "100g pack", "default_shop": 2, "creator": null, "date_created": "2024-09-10T20:12:05.234Z", "notes": "", "current": true}}, {"model": "shopping_list.product", "pk": 22, "fields": {"product_name": "Barry's Tea", "slug": "barrys-tea", "category": 15, "default_quantity": 1, "default_unit": "Pack of 200 teabags", "default_shop": 16, "creator": null, "date_created": "2024-09-10T18:54:32.006Z", "notes": "", "current": true}}, {"model": "shopping_list.listitem", "pk": 1, "fields": {"product": 1, "date_created": "2024-09-05T09:31:35.761Z", "creator": 1, "preferred_shop": null, "bought": true, "date_bought": null, "buyer": null, "cancelled": false, "date_cancelled": null, "cancelled_by": null, "quantity_required": 1, "quantity_bought": 0, "shop_bought": null, "creator_notes": "", "shopper_notes": "", "current": true}}, {"model": "shopping_list.listitem", "pk": 2, "fields": {"product": 2, "date_created": "2024-09-05T09:31:36.925Z", "creator": 1, "preferred_shop": null, "bought": true, "date_bought": null, "buyer": null, "cancelled": false, "date_cancelled": null, "cancelled_by": null, "quantity_required": 1, "quantity_bought": 0, "shop_bought": null, "creator_notes": "", "shopper_notes": "", "current": true}}, {"model": "shopping_list.listitem", "pk": 3, "fields": {"product": 3, "date_created": "2024-09-05T09:31:37.844Z", "creator": 1, "preferred_shop": null, "bought": true, "date_bought": null, "buyer": null, "cancelled": false, "date_cancelled": null, "cancelled_by": null, "quantity_required": 1, "quantity_bought": 0, "shop_bought": null, "creator_notes": "", "shopper_notes": "", "current": true}}, {"model": "shopping_list.listitem", "pk": 6, "fields": {"product": 4, "date_created": "2024-09-05T09:31:38.705Z", "creator": 1, "preferred_shop": null, "bought": true, "date_bought": null, "buyer": null, "cancelled": false, "date_cancelled": null, "cancelled_by": null, "quantity_required": 1, "quantity_bought": 0, "shop_bought": null, "creator_notes": null, "shopper_notes": null, "current": true}}, {"model": "shopping_list.listitem", "pk": 7, "fields": {"product": 5, "date_created": "2024-09-05T09:31:39.586Z", "creator": 1, "preferred_shop": null, "bought": true, "date_bought": null, "buyer": null, "cancelled": false, "date_cancelled": null, "cancelled_by": null, "quantity_required": 1, "quantity_bought": 0, "shop_bought": null, "creator_notes": null, "shopper_notes": null, "current": true}}, {"model": "shopping_list.listitem", "pk": 8, "fields": {"product": 6, "date_created": "2024-09-05T09:30:48.198Z", "creator": 1, "preferred_shop": null, "bought": true, "date_bought": null, "buyer": null, "cancelled": false, "date_cancelled": null, "cancelled_by": null, "quantity_required": 1, "quantity_bought": 0, "shop_bought": null, "creator_notes": null, "shopper_notes": null, "current": true}}, {"model": "shopping_list.listitem", "pk": 9, "fields": {"product": 6, "date_created": "2024-09-05T09:31:40.954Z", "creator": 1, "preferred_shop": null, "bought": true, "date_bought": null, "buyer": null, "cancelled": false, "date_cancelled": null, "cancelled_by": null, "quantity_required": 1, "quantity_bought": 0, "shop_bought": null, "creator_notes": null, "shopper_notes": null, "current": true}}, {"model": "shopping_list.listitem", "pk": 10, "fields": {"product": 7, "date_created": "2024-09-05T09:31:41.846Z", "creator": 1, "preferred_shop": null, "bought": true, "date_bought": null, "buyer": null, "cancelled": false, "date_cancelled": null, "cancelled_by": null, "quantity_required": 1, "quantity_bought": 0, "shop_bought": null, "creator_notes": null, "shopper_notes": null, "current": true}}, {"model": "shopping_list.listitem", "pk": 11, "fields": {"product": 8, "date_created": "2024-09-05T09:31:43.344Z", "creator": 1, "preferred_shop": null, "bought": true, "date_bought": null, "buyer": null, "cancelled": false, "date_cancelled": null, "cancelled_by": null, "quantity_required": 1, "quantity_bought": 0, "shop_bought": null, "creator_notes": null, "shopper_notes": null, "current": true}}, {"model": "shopping_list.listitem", "pk": 13, "fields": {"product": 2, "date_created": "2024-09-05T17:54:39.561Z", "creator": 1, "preferred_shop": null, "bought": true, "date_bought": null, "buyer": null, "cancelled": false, "date_cancelled": null, "cancelled_by": null, "quantity_required": 1, "quantity_bought": 0, "shop_bought": null, "creator_notes": null, "shopper_notes": null, "current": true}}, {"model": "shopping_list.listitem", "pk": 14, "fields": {"product": 11, "date_created": "2024-09-05T17:54:42.837Z", "creator": 1, "preferred_shop": null, "bought": true, "date_bought": null, "buyer": null, "cancelled": false, "date_cancelled": null, "cancelled_by": null, "quantity_required": 1, "quantity_bought": 0, "shop_bought": null, "creator_notes": null, "shopper_notes": null, "current": true}}, {"model": "shopping_list.listitem", "pk": 15, "fields": {"product": 4, "date_created": "2024-09-05T12:16:14.890Z", "creator": 1, "preferred_shop": null, "bought": false, "date_bought": null, "buyer": null, "cancelled": false, "date_cancelled": null, "cancelled_by": null, "quantity_required": 1, "quantity_bought": 0, "shop_bought": null, "creator_notes": null, "shopper_notes": null, "current": true}}, {"model": "shopping_list.listitem", "pk": 16, "fields": {"product": 5, "date_created": "2024-09-05T12:16:14.946Z", "creator": 1, "preferred_shop": null, "bought": false, "date_bought": null, "buyer": null, "cancelled": false, "date_cancelled": null, "cancelled_by": null, "quantity_required": 1, "quantity_bought": 0, "shop_bought": null, "creator_notes": null, "shopper_notes": null, "current": true}}, {"model": "shopping_list.listitem", "pk": 17, "fields": {"product": 1, "date_created": "2024-09-05T12:16:15.002Z", "creator": 1, "preferred_shop": null, "bought": false, "date_bought": null, "buyer": null, "cancelled": false, "date_cancelled": null, "cancelled_by": null, "quantity_required": 1, "quantity_bought": 0, "shop_bought": null, "creator_notes": null, "shopper_notes": null, "current": true}}, {"model": "shopping_list.listitem", "pk": 18, "fields": {"product": 7, "date_created": "2024-09-05T12:16:15.059Z", "creator": 1, "preferred_shop": null, "bought": false, "date_bought": null, "buyer": null, "cancelled": false, "date_cancelled": null, "cancelled_by": null, "quantity_required": 1, "quantity_bought": 0, "shop_bought": null, "creator_notes": null, "shopper_notes": null, "current": true}}, {"model": "admin.logentry", "pk": 1, "fields": {"action_time": "2024-08-30T14:41:39.824Z", "user": 1, "content_type": 5, "object_id": "3", "object_repr": "Jaime", "action_flag": 3, "change_message": ""}}, {"model": "admin.logentry", "pk": 2, "fields": {"action_time": "2024-08-30T14:41:39.888Z", "user": 1, "content_type": 5, "object_id": "2", "object_repr": "alan", "action_flag": 3, "change_message": ""}}, {"model": "admin.logentry", "pk": 3, "fields": {"action_time": "2024-08-31T16:05:38.115Z", "user": 1, "content_type": 8, "object_id": "1", "object_repr": "Groceries", "action_flag": 1, "change_message": "[{\"added\": {}}]"}}, {"model": "admin.logentry", "pk": 4, "fields": {"action_time": "2024-08-31T16:05:57.852Z", "user": 1, "content_type": 8, "object_id": "2", "object_repr": "Household cleaning", "action_flag": 1, "change_message": "[{\"added\": {}}]"}}, {"model": "admin.logentry", "pk": 5, "fields": {"action_time": "2024-08-31T16:06:28.494Z", "user": 1, "content_type": 8, "object_id": "3", "object_repr": "Treats", "action_flag": 1, "change_message": "[{\"added\": {}}]"}}, {"model": "admin.logentry", "pk": 6, "fields": {"action_time": "2024-08-31T16:07:06.458Z", "user": 1, "content_type": 8, "object_id": "4", "object_repr": "Cheese and dairy", "action_flag": 1, "change_message": "[{\"added\": {}}]"}}, {"model": "admin.logentry", "pk": 7, "fields": {"action_time": "2024-08-31T16:07:37.094Z", "user": 1, "content_type": 8, "object_id": "5", "object_repr": "DIY consumables", "action_flag": 1, "change_message": "[{\"added\": {}}]"}}, {"model": "admin.logentry", "pk": 8, "fields": {"action_time": "2024-08-31T16:08:06.318Z", "user": 1, "content_type": 8, "object_id": "6", "object_repr": "DIY tools", "action_flag": 1, "change_message": "[{\"added\": {}}]"}}, {"model": "admin.logentry", "pk": 9, "fields": {"action_time": "2024-08-31T16:08:31.639Z", "user": 1, "content_type": 8, "object_id": "7", "object_repr": "Vegetables", "action_flag": 1, "change_message": "[{\"added\": {}}]"}}, {"model": "admin.logentry", "pk": 10, "fields": {"action_time": "2024-08-31T16:08:52.441Z", "user": 1, "content_type": 8, "object_id": "8", "object_repr": "Meats and protein", "action_flag": 1, "change_message": "[{\"added\": {}}]"}}, {"model": "admin.logentry", "pk": 11, "fields": {"action_time": "2024-08-31T16:09:25.315Z", "user": 1, "content_type": 8, "object_id": "9", "object_repr": "Clothing", "action_flag": 1, "change_message": "[{\"added\": {}}]"}}, {"model": "admin.logentry", "pk": 12, "fields": {"action_time": "2024-08-31T16:09:55.399Z", "user": 1, "content_type": 8, "object_id": "10", "object_repr": "Kitchen utensils and equipment", "action_flag": 1, "change_message": "[{\"added\": {}}]"}}, {"model": "admin.logentry", "pk": 13, "fields": {"action_time": "2024-08-31T16:10:02.582Z", "user": 1, "content_type": 8, "object_id": "3", "object_repr": "Treats", "action_flag": 2, "change_message": "[]"}}, {"model": "admin.logentry", "pk": 14, "fields": {"action_time": "2024-08-31T16:10:16.336Z", "user": 1, "content_type": 8, "object_id": "3", "object_repr": "Sweet treats", "action_flag": 2, "change_message": "[{\"changed\": {\"fields\": [\"Category name\"]}}]"}}, {"model": "admin.logentry", "pk": 15, "fields": {"action_time": "2024-08-31T16:10:38.661Z", "user": 1, "content_type": 8, "object_id": "11", "object_repr": "Savory treats", "action_flag": 1, "change_message": "[{\"added\": {}}]"}}, {"model": "admin.logentry", "pk": 16, "fields": {"action_time": "2024-08-31T16:11:02.999Z", "user": 1, "content_type": 8, "object_id": "12", "object_repr": "Bathroom and personal hygiene", "action_flag": 1, "change_message": "[{\"added\": {}}]"}}, {"model": "admin.logentry", "pk": 17, "fields": {"action_time": "2024-08-31T16:12:13.619Z", "user": 1, "content_type": 9, "object_id": "1", "object_repr": "EDEKA Friedrich-Engels-Str", "action_flag": 1, "change_message": "[{\"added\": {}}]"}}, {"model": "admin.logentry", "pk": 18, "fields": {"action_time": "2024-08-31T16:12:38.855Z", "user": 1, "content_type": 9, "object_id": "2", "object_repr": "EDEKA Blankenburger Str", "action_flag": 1, "change_message": "[{\"added\": {}}]"}}, {"model": "admin.logentry", "pk": 19, "fields": {"action_time": "2024-08-31T16:12:58.894Z", "user": 1, "content_type": 9, "object_id": "3", "object_repr": "OBI Blankenburger Str", "action_flag": 1, "change_message": "[{\"added\": {}}]"}}, {"model": "admin.logentry", "pk": 20, "fields": {"action_time": "2024-08-31T16:13:39.357Z", "user": 1, "content_type": 9, "object_id": "4", "object_repr": "REWE Hermann-Hesse-Str", "action_flag": 1, "change_message": "[{\"added\": {}}]"}}, {"model": "admin.logentry", "pk": 21, "fields": {"action_time": "2024-08-31T16:14:10.665Z", "user": 1, "content_type": 9, "object_id": "5", "object_repr": "REWE Wilhelmsruhe", "action_flag": 1, "change_message": "[{\"added\": {}}]"}}, {"model": "admin.logentry", "pk": 22, "fields": {"action_time": "2024-08-31T16:14:46.815Z", "user": 1, "content_type": 9, "object_id": "6", "object_repr": "Rossmann Rathaus Pankow", "action_flag": 1, "change_message": "[{\"added\": {}}]"}}, {"model": "admin.logentry", "pk": 23, "fields": {"action_time": "2024-08-31T16:15:16.994Z", "user": 1, "content_type": 9, "object_id": "7", "object_repr": "Rossmann Hermann-Hesse-Str", "action_flag": 1, "change_message": "[{\"added\": {}}]"}}, {"model": "admin.logentry", "pk": 24, "fields": {"action_time": "2024-08-31T16:16:24.800Z", "user": 1, "content_type": 5, "object_id": "4", "object_repr": "Jaime", "action_flag": 1, "change_message": "[{\"added\": {}}]"}}, {"model": "admin.logentry", "pk": 25, "fields": {"action_time": "2024-08-31T16:17:46.022Z", "user": 1, "content_type": 5, "object_id": "5", "object_repr": "jaimehy", "action_flag": 1, "change_message": "[{\"added\": {}}]"}}, {"model": "admin.logentry", "pk": 26, "fields": {"action_time": "2024-08-31T16:18:51.162Z", "user": 1, "content_type": 5, "object_id": "5", "object_repr": "jaimehy", "action_flag": 2, "change_message": "[{\"changed\": {\"fields\": [\"First name\", \"Last name\", \"Email address\"]}}]"}}, {"model": "admin.logentry", "pk": 27, "fields": {"action_time": "2024-08-31T16:19:17.435Z", "user": 1, "content_type": 5, "object_id": "4", "object_repr": "Jaime", "action_flag": 3, "change_message": ""}}, {"model": "admin.logentry", "pk": 28, "fields": {"action_time": "2024-08-31T16:19:53.409Z", "user": 1, "content_type": 5, "object_id": "6", "object_repr": "Lily", "action_flag": 1, "change_message": "[{\"added\": {}}]"}}, {"model": "admin.logentry", "pk": 29, "fields": {"action_time": "2024-08-31T16:21:16.630Z", "user": 1, "content_type": 5, "object_id": "6", "object_repr": "Lily", "action_flag": 2, "change_message": "[]"}}, {"model": "admin.logentry", "pk": 30, "fields": {"action_time": "2024-09-01T13:55:30.069Z", "user": 7, "content_type": 5, "object_id": "1", "object_repr": "JaimeH", "action_flag": 2, "change_message": "[{\"changed\": {\"fields\": [\"password\"]}}]"}}, {"model": "admin.logentry", "pk": 31, "fields": {"action_time": "2024-09-01T13:55:55.217Z", "user": 7, "content_type": 5, "object_id": "1", "object_repr": "JaimeH", "action_flag": 2, "change_message": "[{\"changed\": {\"fields\": [\"First name\", \"Last name\"]}}]"}}, {"model": "admin.logentry", "pk": 32, "fields": {"action_time": "2024-09-02T09:13:32.279Z", "user": 1, "content_type": 10, "object_id": "1", "object_repr": "lorenz balsamic crisps", "action_flag": 1, "change_message": "[{\"added\": {}}]"}}, {"model": "admin.logentry", "pk": 33, "fields": {"action_time": "2024-09-02T09:14:39.070Z", "user": 1, "content_type": 9, "object_id": "8", "object_repr": "Aldi Dietzgenstr", "action_flag": 1, "change_message": "[{\"added\": {}}]"}}, {"model": "admin.logentry", "pk": 34, "fields": {"action_time": "2024-09-02T09:14:47.014Z", "user": 1, "content_type": 10, "object_id": "2", "object_repr": "white cheddar cheese", "action_flag": 1, "change_message": "[{\"added\": {}}]"}}, {"model": "admin.logentry", "pk": 35, "fields": {"action_time": "2024-09-02T09:16:35.070Z", "user": 1, "content_type": 9, "object_id": "9", "object_repr": "Kaufland Rathaus Center", "action_flag": 1, "change_message": "[{\"added\": {}}]"}}, {"model": "admin.logentry", "pk": 36, "fields": {"action_time": "2024-09-02T09:16:44.379Z", "user": 1, "content_type": 10, "object_id": "3", "object_repr": "Cadbury's Dairy Milk", "action_flag": 1, "change_message": "[{\"added\": {}}]"}}, {"model": "admin.logentry", "pk": 37, "fields": {"action_time": "2024-09-02T09:36:24.753Z", "user": 1, "content_type": 11, "object_id": "3", "object_repr": "REWE Hermann-Hesse-Str", "action_flag": 1, "change_message": "[{\"added\": {}}]"}}, {"model": "admin.logentry", "pk": 38, "fields": {"action_time": "2024-09-02T09:37:00.729Z", "user": 1, "content_type": 11, "object_id": "4", "object_repr": "Aldi Dietzgenstr", "action_flag": 1, "change_message": "[{\"added\": {}}]"}}, {"model": "admin.logentry", "pk": 39, "fields": {"action_time": "2024-09-02T10:17:08.064Z", "user": 1, "content_type": 18, "object_id": "1", "object_repr": "lorenz balsamic crisps Savory treats (REWE Hermann-Hesse-Str)", "action_flag": 1, "change_message": "[{\"added\": {}}]"}}, {"model": "admin.logentry", "pk": 40, "fields": {"action_time": "2024-09-02T10:17:29.263Z", "user": 1, "content_type": 18, "object_id": "2", "object_repr": "white cheddar cheese Cheese and dairy (Aldi Dietzgenstr)", "action_flag": 1, "change_message": "[{\"added\": {}}]"}}, {"model": "admin.logentry", "pk": 41, "fields": {"action_time": "2024-09-02T10:18:03.474Z", "user": 1, "content_type": 18, "object_id": "3", "object_repr": "Cadbury's Dairy Milk Sweet treats (Kaufland Rathaus Center)", "action_flag": 1, "change_message": "[{\"added\": {}}]"}}, {"model": "admin.logentry", "pk": 42, "fields": {"action_time": "2024-09-03T13:32:13.403Z", "user": 1, "content_type": 18, "object_id": "2", "object_repr": "white cheddar cheese Cheese and dairy (Aldi Dietzgenstr)", "action_flag": 2, "change_message": "[{\"changed\": {\"fields\": [\"Bought\"]}}]"}}, {"model": "admin.logentry", "pk": 43, "fields": {"action_time": "2024-09-03T13:32:23.686Z", "user": 1, "content_type": 18, "object_id": "3", "object_repr": "Cadbury's Dairy Milk Sweet treats (Kaufland Rathaus Center)", "action_flag": 2, "change_message": "[{\"changed\": {\"fields\": [\"Bought\"]}}]"}}, {"model": "admin.logentry", "pk": 44, "fields": {"action_time": "2024-09-03T13:32:38.957Z", "user": 1, "content_type": 18, "object_id": "3", "object_repr": "Cadbury's Dairy Milk Sweet treats (Kaufland Rathaus Center)", "action_flag": 2, "change_message": "[{\"changed\": {\"fields\": [\"Cancelled\"]}}]"}}, {"model": "admin.logentry", "pk": 45, "fields": {"action_time": "2024-09-03T13:43:07.602Z", "user": 1, "content_type": 8, "object_id": "13", "object_repr": "Laundry", "action_flag": 1, "change_message": "[{\"added\": {}}]"}}, {"model": "admin.logentry", "pk": 46, "fields": {"action_time": "2024-09-03T13:43:24.158Z", "user": 1, "content_type": 10, "object_id": "4", "object_repr": "Domol Color", "action_flag": 1, "change_message": "[{\"added\": {}}]"}}, {"model": "admin.logentry", "pk": 47, "fields": {"action_time": "2024-09-03T13:44:02.442Z", "user": 1, "content_type": 10, "object_id": "5", "object_repr": "Domol Vollwaschmittel", "action_flag": 1, "change_message": "[{\"added\": {}}]"}}, {"model": "admin.logentry", "pk": 48, "fields": {"action_time": "2024-09-03T14:26:12.109Z", "user": 1, "content_type": 18, "object_id": "1", "object_repr": "lorenz balsamic crisps Savory treats (REWE Hermann-Hesse-Str)", "action_flag": 2, "change_message": "[{\"changed\": {\"fields\": [\"Bought\"]}}]"}}, {"model": "admin.logentry", "pk": 49, "fields": {"action_time": "2024-09-03T14:26:26.692Z", "user": 1, "content_type": 18, "object_id": "2", "object_repr": "white cheddar cheese Cheese and dairy (Aldi Dietzgenstr)", "action_flag": 2, "change_message": "[]"}}, {"model": "admin.logentry", "pk": 50, "fields": {"action_time": "2024-09-03T14:26:38.881Z", "user": 1, "content_type": 18, "object_id": "3", "object_repr": "Cadbury's Dairy Milk Sweet treats (Kaufland Rathaus Center)", "action_flag": 2, "change_message": "[{\"changed\": {\"fields\": [\"Cancelled\"]}}]"}}, {"model": "admin.logentry", "pk": 51, "fields": {"action_time": "2024-09-03T14:28:00.040Z", "user": 1, "content_type": 10, "object_id": "1", "object_repr": "Lorenz balsamic crisps", "action_flag": 2, "change_message": "[{\"changed\": {\"fields\": [\"Product name\"]}}]"}}, {"model": "admin.logentry", "pk": 52, "fields": {"action_time": "2024-09-03T14:28:20.212Z", "user": 1, "content_type": 10, "object_id": "2", "object_repr": "White cheddar cheese", "action_flag": 2, "change_message": "[{\"changed\": {\"fields\": [\"Product name\"]}}]"}}, {"model": "admin.logentry", "pk": 53, "fields": {"action_time": "2024-09-03T14:31:52.947Z", "user": 1, "content_type": 8, "object_id": "14", "object_repr": "Stationery", "action_flag": 1, "change_message": "[{\"added\": {}}]"}}, {"model": "admin.logentry", "pk": 54, "fields": {"action_time": "2024-09-03T14:32:43.376Z", "user": 1, "content_type": 9, "object_id": "10", "object_repr": "Mac Paper, Hermann-Hesse-Str", "action_flag": 1, "change_message": "[{\"added\": {}}]"}}, {"model": "admin.logentry", "pk": 55, "fields": {"action_time": "2024-09-03T14:32:49.781Z", "user": 1, "content_type": 10, "object_id": "6", "object_repr": "H3 Pencil", "action_flag": 1, "change_message": "[{\"added\": {}}]"}}, {"model": "admin.logentry", "pk": 56, "fields": {"action_time": "2024-09-03T14:33:15.756Z", "user": 1, "content_type": 10, "object_id": "6", "object_repr": "H3 Pencil", "action_flag": 2, "change_message": "[{\"changed\": {\"fields\": [\"Slug\"]}}]"}}, {"model": "admin.logentry", "pk": 57, "fields": {"action_time": "2024-09-03T14:33:26.988Z", "user": 1, "content_type": 10, "object_id": "6", "object_repr": "H3 Pencil", "action_flag": 2, "change_message": "[{\"changed\": {\"fields\": [\"Slug\"]}}]"}}, {"model": "admin.logentry", "pk": 58, "fields": {"action_time": "2024-09-03T14:34:00.791Z", "user": 1, "content_type": 10, "object_id": "6", "object_repr": "H3 Pencil", "action_flag": 2, "change_message": "[]"}}, {"model": "admin.logentry", "pk": 59, "fields": {"action_time": "2024-09-03T14:39:54.259Z", "user": 1, "content_type": 10, "object_id": "2", "object_repr": "White cheddar cheese", "action_flag": 2, "change_message": "[{\"changed\": {\"fields\": [\"Slug\"]}}]"}}, {"model": "admin.logentry", "pk": 60, "fields": {"action_time": "2024-09-03T14:40:09.116Z", "user": 1, "content_type": 10, "object_id": "2", "object_repr": "White cheddar cheese", "action_flag": 2, "change_message": "[{\"changed\": {\"fields\": [\"Slug\"]}}]"}}, {"model": "admin.logentry", "pk": 61, "fields": {"action_time": "2024-09-04T14:27:24.796Z", "user": 1, "content_type": 8, "object_id": "15", "object_repr": "staples", "action_flag": 1, "change_message": "[{\"added\": {}}]"}}, {"model": "admin.logentry", "pk": 62, "fields": {"action_time": "2024-09-04T14:27:46.662Z", "user": 1, "content_type": 8, "object_id": "15", "object_repr": "Staples", "action_flag": 2, "change_message": "[{\"changed\": {\"fields\": [\"Category name\"]}}]"}}, {"model": "admin.logentry", "pk": 63, "fields": {"action_time": "2024-09-04T14:28:23.448Z", "user": 1, "content_type": 8, "object_id": "16", "object_repr": "Fruit & Veg", "action_flag": 1, "change_message": "[{\"added\": {}}]"}}, {"model": "admin.logentry", "pk": 64, "fields": {"action_time": "2024-09-04T14:34:47.921Z", "user": 1, "content_type": 10, "object_id": "7", "object_repr": "Salt", "action_flag": 1, "change_message": "[{\"added\": {}}]"}}, {"model": "admin.logentry", "pk": 65, "fields": {"action_time": "2024-09-04T14:36:02.190Z", "user": 1, "content_type": 10, "object_id": "8", "object_repr": "White wheat flour type 404", "action_flag": 1, "change_message": "[{\"added\": {}}]"}}, {"model": "admin.logentry", "pk": 66, "fields": {"action_time": "2024-09-05T10:53:56.292Z", "user": 1, "content_type": 9, "object_id": "10", "object_repr": "Mac Paper, Hermann-Hesse-Str", "action_flag": 2, "change_message": "[{\"changed\": {\"fields\": [\"Type of shop\"]}}]"}}, {"model": "admin.logentry", "pk": 67, "fields": {"action_time": "2024-09-05T10:54:25.528Z", "user": 1, "content_type": 9, "object_id": "7", "object_repr": "Rossmann Hermann-Hesse-Str", "action_flag": 2, "change_message": "[{\"changed\": {\"fields\": [\"Type of shop\"]}}]"}}, {"model": "admin.logentry", "pk": 68, "fields": {"action_time": "2024-09-05T10:54:44.636Z", "user": 1, "content_type": 9, "object_id": "3", "object_repr": "OBI Blankenburger Str", "action_flag": 2, "change_message": "[{\"changed\": {\"fields\": [\"Type of shop\"]}}]"}}, {"model": "admin.logentry", "pk": 69, "fields": {"action_time": "2024-09-05T10:55:29.928Z", "user": 1, "content_type": 9, "object_id": "11", "object_repr": "BauHaus Französische Buchholz", "action_flag": 1, "change_message": "[{\"added\": {}}]"}}, {"model": "admin.logentry", "pk": 70, "fields": {"action_time": "2024-09-05T10:55:30.245Z", "user": 1, "content_type": 9, "object_id": "12", "object_repr": "BauHaus Französische Buchholz", "action_flag": 1, "change_message": "[{\"added\": {}}]"}}, {"model": "admin.logentry", "pk": 71, "fields": {"action_time": "2024-09-05T10:55:59.552Z", "user": 1, "content_type": 9, "object_id": "12", "object_repr": "BauHaus Französische Buchholz", "action_flag": 3, "change_message": ""}}, {"model": "admin.logentry", "pk": 72, "fields": {"action_time": "2024-09-05T10:56:07.473Z", "user": 1, "content_type": 9, "object_id": "11", "object_repr": "BauHaus Französische Buchholz", "action_flag": 2, "change_message": "[]"}}, {"model": "admin.logentry", "pk": 73, "fields": {"action_time": "2024-09-05T11:02:18.687Z", "user": 1, "content_type": 9, "object_id": "10", "object_repr": "Mac Paper, Hermann-Hesse-Str", "action_flag": 2, "change_message": "[{\"changed\": {\"fields\": [\"Type of shop\"]}}]"}}, {"model": "admin.logentry", "pk": 74, "fields": {"action_time": "2024-09-05T11:03:12.579Z", "user": 1, "content_type": 9, "object_id": "13", "object_repr": "Denns Hermann-Hesse-Str", "action_flag": 1, "change_message": "[{\"added\": {}}]"}}, {"model": "admin.logentry", "pk": 75, "fields": {"action_time": "2024-09-05T11:03:40.037Z", "user": 1, "content_type": 9, "object_id": "14", "object_repr": "Bio Company Breite Str", "action_flag": 1, "change_message": "[{\"added\": {}}]"}}, {"model": "admin.logentry", "pk": 76, "fields": {"action_time": "2024-09-08T16:37:29.763Z", "user": 1, "content_type": 4, "object_id": "1", "object_repr": "child", "action_flag": 1, "change_message": "[{\"added\": {}}]"}}, {"model": "admin.logentry", "pk": 77, "fields": {"action_time": "2024-09-08T16:37:55.496Z", "user": 1, "content_type": 4, "object_id": "2", "object_repr": "adult", "action_flag": 1, "change_message": "[{\"added\": {}}]"}}, {"model": "admin.logentry", "pk": 78, "fields": {"action_time": "2024-09-08T16:40:59.034Z", "user": 1, "content_type": 5, "object_id": "8", "object_repr": "Assessor_SU", "action_flag": 2, "change_message": "[{\"changed\": {\"fields\": [\"Username\"]}}]"}}, {"model": "admin.logentry", "pk": 79, "fields": {"action_time": "2024-09-08T16:43:26.243Z", "user": 1, "content_type": 5, "object_id": "9", "object_repr": "Assessor_C", "action_flag": 1, "change_message": "[{\"added\": {}}]"}}, {"model": "admin.logentry", "pk": 80, "fields": {"action_time": "2024-09-08T16:44:09.376Z", "user": 1, "content_type": 5, "object_id": "10", "object_repr": "Assessor_A", "action_flag": 1, "change_message": "[{\"added\": {}}]"}}, {"model": "admin.logentry", "pk": 81, "fields": {"action_time": "2024-09-08T16:44:32.439Z", "user": 1, "content_type": 5, "object_id": "10", "object_repr": "Assessor_A", "action_flag": 2, "change_message": "[]"}}, {"model": "admin.logentry", "pk": 82, "fields": {"action_time": "2024-09-08T16:45:04.419Z", "user": 1, "content_type": 5, "object_id": "9", "object_repr": "Assessor_C", "action_flag": 2, "change_message": "[]"}}, {"model": "admin.logentry", "pk": 83, "fields": {"action_time": "2024-09-08T16:46:17.875Z", "user": 1, "content_type": 5, "object_id": "1", "object_repr": "JaimeH", "action_flag": 2, "change_message": "[{\"changed\": {\"fields\": [\"Groups\"]}}]"}}, {"model": "admin.logentry", "pk": 84, "fields": {"action_time": "2024-09-08T16:46:40.235Z", "user": 1, "content_type": 5, "object_id": "10", "object_repr": "Assessor_A", "action_flag": 2, "change_message": "[{\"changed\": {\"fields\": [\"Groups\"]}}]"}}, {"model": "admin.logentry", "pk": 85, "fields": {"action_time": "2024-09-08T16:46:56.937Z", "user": 1, "content_type": 5, "object_id": "9", "object_repr": "Assessor_C", "action_flag": 2, "change_message": "[{\"changed\": {\"fields\": [\"Groups\"]}}]"}}, {"model": "admin.logentry", "pk": 86, "fields": {"action_time": "2024-09-08T16:47:18.049Z", "user": 1, "content_type": 5, "object_id": "8", "object_repr": "Assessor_SU", "action_flag": 2, "change_message": "[{\"changed\": {\"fields\": [\"Groups\"]}}]"}}, {"model": "admin.logentry", "pk": 87, "fields": {"action_time": "2024-09-08T16:47:35.973Z", "user": 1, "content_type": 5, "object_id": "1", "object_repr": "JaimeH", "action_flag": 2, "change_message": "[]"}}, {"model": "admin.logentry", "pk": 88, "fields": {"action_time": "2024-09-08T16:47:54.984Z", "user": 1, "content_type": 5, "object_id": "7", "object_repr": "JaimeHyland", "action_flag": 2, "change_message": "[{\"changed\": {\"fields\": [\"Staff status\", \"Superuser status\", \"Groups\"]}}]"}}, {"model": "admin.logentry", "pk": 89, "fields": {"action_time": "2024-09-08T16:48:19.394Z", "user": 1, "content_type": 5, "object_id": "6", "object_repr": "Lily", "action_flag": 2, "change_message": "[{\"changed\": {\"fields\": [\"Groups\"]}}]"}}, {"model": "admin.logentry", "pk": 90, "fields": {"action_time": "2024-09-08T16:48:41.722Z", "user": 1, "content_type": 5, "object_id": "5", "object_repr": "jaimehy", "action_flag": 2, "change_message": "[{\"changed\": {\"fields\": [\"Groups\"]}}]"}}, {"model": "admin.logentry", "pk": 91, "fields": {"action_time": "2024-09-08T17:00:28.650Z", "user": 1, "content_type": 10, "object_id": "13", "object_repr": "Granulated sugar", "action_flag": 1, "change_message": "[{\"added\": {}}]"}}, {"model": "admin.logentry", "pk": 92, "fields": {"action_time": "2024-09-08T17:00:55.678Z", "user": 1, "content_type": 10, "object_id": "12", "object_repr": "Red cheddar cheese", "action_flag": 2, "change_message": "[{\"changed\": {\"fields\": [\"Current\"]}}]"}}, {"model": "admin.logentry", "pk": 93, "fields": {"action_time": "2024-09-09T08:27:39.578Z", "user": 1, "content_type": 5, "object_id": "11", "object_repr": "Bill", "action_flag": 1, "change_message": "[{\"added\": {}}]"}}, {"model": "admin.logentry", "pk": 94, "fields": {"action_time": "2024-09-09T08:28:01.066Z", "user": 1, "content_type": 5, "object_id": "11", "object_repr": "Bill", "action_flag": 2, "change_message": "[{\"changed\": {\"fields\": [\"Groups\"]}}]"}}, {"model": "admin.logentry", "pk": 95, "fields": {"action_time": "2024-09-10T11:14:08.955Z", "user": 1, "content_type": 10, "object_id": "12", "object_repr": "Red cheddar cheese", "action_flag": 3, "change_message": ""}}, {"model": "admin.logentry", "pk": 96, "fields": {"action_time": "2024-09-10T12:36:39.015Z", "user": 1, "content_type": 9, "object_id": "15", "object_repr": "Aldi Straße vor Schönholz", "action_flag": 1, "change_message": "[{\"added\": {}}]"}}, {"model": "admin.logentry", "pk": 97, "fields": {"action_time": "2024-09-10T14:44:12.665Z", "user": 1, "content_type": 10, "object_id": "14", "object_repr": "Test Product", "action_flag": 3, "change_message": ""}}, {"model": "admin.logentry", "pk": 98, "fields": {"action_time": "2024-09-10T17:14:14.989Z", "user": 1, "content_type": 10, "object_id": "21", "object_repr": "Gorgonzola cheese", "action_flag": 2, "change_message": "[{\"changed\": {\"fields\": [\"Product name\"]}}]"}}, {"model": "admin.logentry", "pk": 99, "fields": {"action_time": "2024-09-10T18:54:16.216Z", "user": 1, "content_type": 9, "object_id": "16", "object_repr": "Dalriata, Winsstraße", "action_flag": 1, "change_message": "[{\"added\": {}}]"}}, {"model": "admin.logentry", "pk": 100, "fields": {"action_time": "2024-09-10T18:54:32.052Z", "user": 1, "content_type": 10, "object_id": "22", "object_repr": "Barry's Tea", "action_flag": 1, "change_message": "[{\"added\": {}}]"}}, {"model": "admin.logentry", "pk": 101, "fields": {"action_time": "2024-09-10T19:19:58.090Z", "user": 1, "content_type": 10, "object_id": "21", "object_repr": "gorgonzola cheesiness", "action_flag": 2, "change_message": "[{\"changed\": {\"fields\": [\"Product name\"]}}]"}}, {"model": "auth.permission", "pk": 1, "fields": {"name": "Can add attachment", "content_type": 1, "codename": "add_attachment"}}, {"model": "auth.permission", "pk": 2, "fields": {"name": "Can change attachment", "content_type": 1, "codename": "change_attachment"}}, {"model": "auth.permission", "pk": 3, "fields": {"name": "Can delete attachment", "content_type": 1, "codename": "delete_attachment"}}, {"model": "auth.permission", "pk": 4, "fields": {"name": "Can view attachment", "content_type": 1, "codename": "view_attachment"}}, {"model": "auth.permission", "pk": 5, "fields": {"name": "Can add log entry", "content_type": 2, "codename": "add_logentry"}}, {"model": "auth.permission", "pk": 6, "fields": {"name": "Can change log entry", "content_type": 2, "codename": "change_logentry"}}, {"model": "auth.permission", "pk": 7, "fields": {"name": "Can delete log entry", "content_type": 2, "codename": "delete_logentry"}}, {"model": "auth.permission", "pk": 8, "fields": {"name": "Can view log entry", "content_type": 2, "codename": "view_logentry"}}, {"model": "auth.permission", "pk": 9, "fields": {"name": "Can add permission", "content_type": 3, "codename": "add_permission"}}, {"model": "auth.permission", "pk": 10, "fields": {"name": "Can change permission", "content_type": 3, "codename": "change_permission"}}, {"model": "auth.permission", "pk": 11, "fields": {"name": "Can delete permission", "content_type": 3, "codename": "delete_permission"}}, {"model": "auth.permission", "pk": 12, "fields": {"name": "Can view permission", "content_type": 3, "codename": "view_permission"}}, {"model": "auth.permission", "pk": 13, "fields": {"name": "Can add group", "content_type": 4, "codename": "add_group"}}, {"model": "auth.permission", "pk": 14, "fields": {"name": "Can change group", "content_type": 4, "codename": "change_group"}}, {"model": "auth.permission", "pk": 15, "fields": {"name": "Can delete group", "content_type": 4, "codename": "delete_group"}}, {"model": "auth.permission", "pk": 16, "fields": {"name": "Can view group", "content_type": 4, "codename": "view_group"}}, {"model": "auth.permission", "pk": 17, "fields": {"name": "Can add user", "content_type": 5, "codename": "add_user"}}, {"model": "auth.permission", "pk": 18, "fields": {"name": "Can change user", "content_type": 5, "codename": "change_user"}}, {"model": "auth.permission", "pk": 19, "fields": {"name": "Can delete user", "content_type": 5, "codename": "delete_user"}}, {"model": "auth.permission", "pk": 20, "fields": {"name": "Can view user", "content_type": 5, "codename": "view_user"}}, {"model": "auth.permission", "pk": 21, "fields": {"name": "Can add content type", "content_type": 6, "codename": "add_contenttype"}}, {"model": "auth.permission", "pk": 22, "fields": {"name": "Can change content type", "content_type": 6, "codename": "change_contenttype"}}, {"model": "auth.permission", "pk": 23, "fields": {"name": "Can delete content type", "content_type": 6, "codename": "delete_contenttype"}}, {"model": "auth.permission", "pk": 24, "fields": {"name": "Can view content type", "content_type": 6, "codename": "view_contenttype"}}, {"model": "auth.permission", "pk": 25, "fields": {"name": "Can add session", "content_type": 7, "codename": "add_session"}}, {"model": "auth.permission", "pk": 26, "fields": {"name": "Can change session", "content_type": 7, "codename": "change_session"}}, {"model": "auth.permission", "pk": 27, "fields": {"name": "Can delete session", "content_type": 7, "codename": "delete_session"}}, {"model": "auth.permission", "pk": 28, "fields": {"name": "Can view session", "content_type": 7, "codename": "view_session"}}, {"model": "auth.permission", "pk": 29, "fields": {"name": "Can add category", "content_type": 8, "codename": "add_category"}}, {"model": "auth.permission", "pk": 30, "fields": {"name": "Can change category", "content_type": 8, "codename": "change_category"}}, {"model": "auth.permission", "pk": 31, "fields": {"name": "Can delete category", "content_type": 8, "codename": "delete_category"}}, {"model": "auth.permission", "pk": 32, "fields": {"name": "Can view category", "content_type": 8, "codename": "view_category"}}, {"model": "auth.permission", "pk": 33, "fields": {"name": "Can add shop", "content_type": 9, "codename": "add_shop"}}, {"model": "auth.permission", "pk": 34, "fields": {"name": "Can change shop", "content_type": 9, "codename": "change_shop"}}, {"model": "auth.permission", "pk": 35, "fields": {"name": "Can delete shop", "content_type": 9, "codename": "delete_shop"}}, {"model": "auth.permission", "pk": 36, "fields": {"name": "Can view shop", "content_type": 9, "codename": "view_shop"}}, {"model": "auth.permission", "pk": 37, "fields": {"name": "Can add product", "content_type": 10, "codename": "add_product"}}, {"model": "auth.permission", "pk": 38, "fields": {"name": "Can change product", "content_type": 10, "codename": "change_product"}}, {"model": "auth.permission", "pk": 39, "fields": {"name": "Can delete product", "content_type": 10, "codename": "delete_product"}}, {"model": "auth.permission", "pk": 40, "fields": {"name": "Can view product", "content_type": 10, "codename": "view_product"}}, {"model": "auth.permission", "pk": 41, "fields": {"name": "Can add list_item", "content_type": 11, "codename": "add_list_item"}}, {"model": "auth.permission", "pk": 42, "fields": {"name": "Can change list_item", "content_type": 11, "codename": "change_list_item"}}, {"model": "auth.permission", "pk": 43, "fields": {"name": "Can delete list_item", "content_type": 11, "codename": "delete_list_item"}}, {"model": "auth.permission", "pk": 44, "fields": {"name": "Can view list_item", "content_type": 11, "codename": "view_list_item"}}, {"model": "auth.permission", "pk": 45, "fields": {"name": "Can add site", "content_type": 12, "codename": "add_site"}}, {"model": "auth.permission", "pk": 46, "fields": {"name": "Can change site", "content_type": 12, "codename": "change_site"}}, {"model": "auth.permission", "pk": 47, "fields": {"name": "Can delete site", "content_type": 12, "codename": "delete_site"}}, {"model": "auth.permission", "pk": 48, "fields": {"name": "Can view site", "content_type": 12, "codename": "view_site"}}, {"model": "auth.permission", "pk": 49, "fields": {"name": "Can add email address", "content_type": 13, "codename": "add_emailaddress"}}, {"model": "auth.permission", "pk": 50, "fields": {"name": "Can change email address", "content_type": 13, "codename": "change_emailaddress"}}, {"model": "auth.permission", "pk": 51, "fields": {"name": "Can delete email address", "content_type": 13, "codename": "delete_emailaddress"}}, {"model": "auth.permission", "pk": 52, "fields": {"name": "Can view email address", "content_type": 13, "codename": "view_emailaddress"}}, {"model": "auth.permission", "pk": 53, "fields": {"name": "Can add email confirmation", "content_type": 14, "codename": "add_emailconfirmation"}}, {"model": "auth.permission", "pk": 54, "fields": {"name": "Can change email confirmation", "content_type": 14, "codename": "change_emailconfirmation"}}, {"model": "auth.permission", "pk": 55, "fields": {"name": "Can delete email confirmation", "content_type": 14, "codename": "delete_emailconfirmation"}}, {"model": "auth.permission", "pk": 56, "fields": {"name": "Can view email confirmation", "content_type": 14, "codename": "view_emailconfirmation"}}, {"model": "auth.permission", "pk": 57, "fields": {"name": "Can add social account", "content_type": 15, "codename": "add_socialaccount"}}, {"model": "auth.permission", "pk": 58, "fields": {"name": "Can change social account", "content_type": 15, "codename": "change_socialaccount"}}, {"model": "auth.permission", "pk": 59, "fields": {"name": "Can delete social account", "content_type": 15, "codename": "delete_socialaccount"}}, {"model": "auth.permission", "pk": 60, "fields": {"name": "Can view social account", "content_type": 15, "codename": "view_socialaccount"}}, {"model": "auth.permission", "pk": 61, "fields": {"name": "Can add social application", "content_type": 16, "codename": "add_socialapp"}}, {"model": "auth.permission", "pk": 62, "fields": {"name": "Can change social application", "content_type": 16, "codename": "change_socialapp"}}, {"model": "auth.permission", "pk": 63, "fields": {"name": "Can delete social application", "content_type": 16, "codename": "delete_socialapp"}}, {"model": "auth.permission", "pk": 64, "fields": {"name": "Can view social application", "content_type": 16, "codename": "view_socialapp"}}, {"model": "auth.permission", "pk": 65, "fields": {"name": "Can add social application token", "content_type": 17, "codename": "add_socialtoken"}}, {"model": "auth.permission", "pk": 66, "fields": {"name": "Can change social application token", "content_type": 17, "codename": "change_socialtoken"}}, {"model": "auth.permission", "pk": 67, "fields": {"name": "Can delete social application token", "content_type": 17, "codename": "delete_socialtoken"}}, {"model": "auth.permission", "pk": 68, "fields": {"name": "Can view social application token", "content_type": 17, "codename": "view_socialtoken"}}, {"model": "auth.permission", "pk": 69, "fields": {"name": "Can add list item", "content_type": 18, "codename": "add_listitem"}}, {"model": "auth.permission", "pk": 70, "fields": {"name": "Can change list item", "content_type": 18, "codename": "change_listitem"}}, {"model": "auth.permission", "pk": 71, "fields": {"name": "Can delete list item", "content_type": 18, "codename": "delete_listitem"}}, {"model": "auth.permission", "pk": 72, "fields": {"name": "Can view list item", "content_type": 18, "codename": "view_listitem"}}, {"model": "auth.group", "pk": 1, "fields": {"name": "child", "permissions": []}}, {"model": "auth.group", "pk": 2, "fields": {"name": "adult", "permissions": []}}, {"model": "auth.user", "pk": 1, "fields": {"password": "pbkdf2_sha256$600000$XkbRJPVQmnOpqNlVX1SB4t$RCIMJ42th3nrIi7YREHG8PAYmIOzphkJoluFHzhWXSc=", "last_login": "2024-09-10T11:13:26.536Z", "is_superuser": true, "username": "JaimeH", "first_name": "Jaime", "last_name": "Hyland", "email": "jaime.hyland@language-landscapes.com", "is_staff": true, "is_active": true, "date_joined": "2024-08-30T07:19:43Z", "groups": [2], "user_permissions": []}}, {"model": "auth.user", "pk": 5, "fields": {"password": "pbkdf2_sha256$600000$YuJOQd3PoeNsPToeTH9PsP$SFa77tH1hnCVG2I4TdmXN0YhpfOMtf8e6OUsm5dqdwU=", "last_login": null, "is_superuser": false, "username": "jaimehy", "first_name": "Jaime", "last_name": "Hyland", "email": "hylandjaime@gmail.com", "is_staff": false, "is_active": true, "date_joined": "2024-08-31T16:17:45Z", "groups": [2], "user_permissions": []}}, {"model": "auth.user", "pk": 6, "fields": {"password": "pbkdf2_sha256$600000$ivM7h4kndCYFV2d75dnOBL$V3O9IP1sKWlAuB6dlZc18G52APneTo9WUv07SdRrcWY=", "last_login": null, "is_superuser": false, "username": "Lily", "first_name": "", "last_name": "", "email": "", "is_staff": false, "is_active": true, "date_joined": "2024-08-31T16:19:53Z", "groups": [1], "user_permissions": []}}, {"model": "auth.user", "pk": 7, "fields": {"password": "pbkdf2_sha256$600000$v2Yi3DSLpFMxx878PtwEKn$TTk2xmBx1pUPgrpudDyYcGccHQwaukIWnigezUTn73w=", "last_login": "2024-09-08T16:50:02.157Z", "is_superuser": false, "username": "JaimeHyland", "first_name": "", "last_name": "", "email": "jaime.hyland@language-landscapes.com", "is_staff": false, "is_active": true, "date_joined": "2024-09-01T13:50:50Z", "groups": [2], "user_permissions": []}}, {"model": "auth.user", "pk": 8, "fields": {"password": "pbkdf2_sha256$600000$BoWri6DFfa8vuJceBGECn7$BWwM11awGCf10W0U8xys5evOWt++21PGh/6IYiJqoTo=", "last_login": "2024-09-10T14:12:47.549Z", "is_superuser": true, "username": "Assessor_SU", "first_name": "", "last_name": "", "email": "", "is_staff": true, "is_active": true, "date_joined": "2024-09-08T16:39:12Z", "groups": [2], "user_permissions": []}}, {"model": "auth.user", "pk": 9, "fields": {"password": "pbkdf2_sha256$600000$FXVjwvl6VKXIsRcOu2dzbg$CI++UeRtGjO4sjF1wegEpZyS+m2xrEhnQVCG7zIE/Xk=", "last_login": null, "is_superuser": false, "username": "Assessor_C", "first_name": "", "last_name": "", "email": "", "is_staff": false, "is_active": true, "date_joined": "2024-09-08T16:43:25Z", "groups": [1], "user_permissions": []}}, {"model": "auth.user", "pk": 10, "fields": {"password": "pbkdf2_sha256$600000$KUdHemRwUL6bJbEUYVgQr6$lgSSpZxc6Z1P6viaW9spVkdaCUJL8peOsUTc0heLQgs=", "last_login": null, "is_superuser": false, "username": "Assessor_A", "first_name": "", "last_name": "", "email": "", "is_staff": false, "is_active": true, "date_joined": "2024-09-08T16:44:09Z", "groups": [2], "user_permissions": []}}, {"model": "auth.user", "pk": 11, "fields": {"password": "pbkdf2_sha256$600000$bBk6rwrasMcrwI11BPC1yX$Uy4UmmjjzPWv2RBdqPQVCvVqoskRXSm5DmU38LoYKbo=", "last_login": "2024-09-09T14:23:21.032Z", "is_superuser": false, "username": "Bill", "first_name": "", "last_name": "", "email": "", "is_staff": false, "is_active": true, "date_joined": "2024-09-09T08:27:39Z", "groups": [2], "user_permissions": []}}, {"model": "contenttypes.contenttype", "pk": 1, "fields": {"app_label": "django_summernote", "model": "attachment"}}, {"model": "contenttypes.contenttype", "pk": 2, "fields": {"app_label": "admin", "model": "logentry"}}, {"model": "contenttypes.contenttype", "pk": 3, "fields": {"app_label": "auth", "model": "permission"}}, {"model": "contenttypes.contenttype", "pk": 4, "fields": {"app_label": "auth", "model": "group"}}, {"model": "contenttypes.contenttype", "pk": 5, "fields": {"app_label": "auth", "model": "user"}}, {"model": "contenttypes.contenttype", "pk": 6, "fields": {"app_label": "contenttypes", "model": "contenttype"}}, {"model": "contenttypes.contenttype", "pk": 7, "fields": {"app_label": "sessions", "model": "session"}}, {"model": "contenttypes.contenttype", "pk": 8, "fields": {"app_label": "shopping_list", "model": "category"}}, {"model": "contenttypes.contenttype", "pk": 9, "fields": {"app_label": "shopping_list", "model": "shop"}}, {"model": "contenttypes.contenttype", "pk": 10, "fields": {"app_label": "shopping_list", "model": "product"}}, {"model": "contenttypes.contenttype", "pk": 11, "fields": {"app_label": "shopping_list", "model": "list_item"}}, {"model": "contenttypes.contenttype", "pk": 12, "fields": {"app_label": "sites", "model": "site"}}, {"model": "contenttypes.contenttype", "pk": 13, "fields": {"app_label": "account", "model": "emailaddress"}}, {"model": "contenttypes.contenttype", "pk": 14, "fields": {"app_label": "account", "model": "emailconfirmation"}}, {"model": "contenttypes.contenttype", "pk": 15, "fields": {"app_label": "socialaccount", "model": "socialaccount"}}, {"model": "contenttypes.contenttype", "pk": 16, "fields": {"app_label": "socialaccount", "model": "socialapp"}}, {"model": "contenttypes.contenttype", "pk": 17, "fields": {"app_label": "socialaccount", "model": "socialtoken"}}, {"model": "contenttypes.contenttype", "pk": 18, "fields": {"app_label": "shopping_list", "model": "listitem"}}, {"model": "sessions.session", "pk": "3kz90fqhuvsp9hc4i7fio0iqdypy99hb", "fields": {"session_data": ".eJxVjkFOxDAQBP_iM7Iy6zizyZE7b7Da4wkxIBvFjgRC_J0s2gNcu7pL_WUCjr6Fo-kecjKLuZqHv1mEvGq5gfSC8lyt1NL3HO2tYu-02aea9O3x3v0n2NC2c02gyc9gMEXigXEBj4gqWGO8Yp2RhGlVolFiAvOQRnU0i1Mk5_wphUg9Sv91a-lZ0DUFdLMQX_zM7Ce200ATe3deaNpariXox3veP80yfP8AlUxOhA:1so1br:M7n_tA9J8w_jVCIjT1RoH3unkX_zYc19XqivwBejPyM", "expire_date": "2024-09-24T14:12:47.602Z"}}, {"model": "sessions.session", "pk": "d4bt2h47yizl7lgsilioljso0ojadtdx", "fields": {"session_data": ".eJxVjktuAyEQRO_C2kLNbwAvs88ZEHSDhySCaGCkRJbvnnHkhb2tevVUVxbiPtewj7yFSuzMhGCn5zBF_Mzt3tBHbJfOsbe51cTvCH-0g793yl9vD_ZFsMaxHmsZRVToktDWqUV48AYlglELEomiqEhvklcek7ZQdEm0gNNAaHLRvhzSiNj3Nv_duc2KcWYKcbKzsNI4C1YB986BAHlcGHmM2lvIP991-z0gCX4BuP0BEFlOpA:1snatV:43RMMnwoekahOHKiTxiA30Zz0dU9dBA9_roXoq0QkvU", "expire_date": "2024-09-23T09:41:13.524Z"}}, {"model": "sessions.session", "pk": "fwjpyoefsnwup39cf2ycybjhdxjfp0ys", "fields": {"session_data": ".eJxVjDkOwjAUBe_iGlle5B9DSc8ZrL8FB1AixUkVcXeIlALaNzNvMwXXpZa16VwGMRfjzel3I-SnjjuQB473yfI0LvNAdlfsQZu9TaKv6-H-HVRs9VtDkKiUOlGXyYFLZ0-KCDEIgiTtiCT1TgnYh5jFJ2YBh8zQ58hi3h_-VTkL:1snyoI:KpEioHr1IM5rvYkmEoAAqXwVWurdgVdBRw0-CjY1TLA", "expire_date": "2024-09-24T11:13:26.592Z"}}, {"model": "sessions.session", "pk": "konvon6dckk1ili1ywzb0btxrknca1a4", "fields": {"session_data": ".eJxVjktuAyEQRO_C2kI0nwG8zD5nQA0NHpIIooGRElm-e8aRF_a26tVTXVnAfa5hH3kLldiZAbDTcxgxfeZ2b-gD26Xz1NvcauR3hD_awd875a-3B_siWHGsx1oIX2BxqHWxYCwuukSthUmKMIIiygaEVBhFSV7mRekCicijTBiNk4cUU-p7m__u3GZNODMFnOwMVhrnQVvFwRlnjwMjj1F7C_nnu26_ByKFX4S4_QGT5k6K:1snfEQ:OBf2phhnvShAOv03jkwKU1mvW9Ch_gYaiTKuO2zzw_c", "expire_date": "2024-09-23T14:19:06.815Z"}}, {"model": "sessions.session", "pk": "l8rwc06rm0k53xecp4bc83bo7y79xrx9", "fields": {"session_data": ".eJxVjkFuAyEMRe_COkK2MzBMltn3DAiMJ0MbQTUwUquqdy-psmjljeX__PS_lA9H3_zRZPc5qYtCVKe_xxj4TcojSa-h3KrmWvqeo34g-pk2_VKT3K9P9p9gC20b3zA7hNVE4dmMETJnMshIk4tJ1kkoIa1ElBbkJDA2oOUsEQ1KcDykgbkepf-6pfTMoUvyoasLzmTcbGBatAFrrbOjQpPWci1ePt7z_jkggsUCfP8A5Y9ONg:1sndxS:yml3eetNhcqS1LlECvxJVFCzyuXEBkAUHAJK3Y_QiRA", "expire_date": "2024-09-23T12:57:30.238Z"}}, {"model": "sessions.session", "pk": "s9kz6mnlbdkkk1kfxgk38yd83q9fnc4r", "fields": {"session_data": ".eJxVjstOBCEQRf-FtSFAF4-epXu_gRTVhY0aMA2daCbz7zJmFpq7q3vq5F5FxHPs8ex8xLKJi9BaPP09JqR3rvdme8P62iS1Oo6S5B2Rj7bLl7bxx_OD_SfYse_zm8AunhfldUJcFXvilBm1BaUVmDUpzjZb0uxUCLzOALiswQSmDHZKkaiddfy6uY5COHiLOMRFe2NDcN6CdGCMd8uc0Ln30mrkr89yfE_IqNUpdfsBOOJO4Q:1sndza:BdWrZJBRH1u5BnsLbDn37hFuxzDPiG8yr9Q03PvuyNM", "expire_date": "2024-09-23T12:59:42.359Z"}}, {"model": "sessions.session", "pk": "y2jzrsmn61p3u4qtg7ai1x2sptro3bcu", "fields": {"session_data": ".eJxVjkFOBCEQRe_C2pCCbqCYpXvPQAqotlEDpqETzWTuLmNmoauf1H_18q8i0Dn2cHY-QsniIpQST3-PkdI713uT36i-NplaHUeJ8o7IR9vlS8v88fxg_wl26vv8tuys93YzJoKzK0cDnFdYFop6mYHgFMK2-YweVNw0TULDmlUGpRCnlFJqZx2_bq6jJBqcAw1xUU4bROc8SgRtlHVzQufeS6uBvz7L8T0hDd4C3H4AqhtNiQ:1snf9f:TF_nWpd8buATK91zsljVRSVE21BBSLOwHUv51kcDMKE", "expire_date": "2024-09-23T14:14:11.076Z"}}, {"model": "sites.site", "pk": 1, "fields": {"domain": "example.com", "name": "example.com"}}]